EL CALENDARIO COMPLETO DEL MUNDIAL 2026
Los grupos del Mundial 2026.Los grupos del Mundial 2026.
GRUPO A

Fecha 1 – Jueves 11/06

México vs. Sudáfrica – Estadio Ciudad de México - 16:00 horas

Corea del Sur vs. Europa D – Estadio Guadalajara - 23:00 horas

Fecha 2 – Jueves 18/06

Europa D vs. Sudáfrica – Atlanta Stadium - 13:00 horas

México vs. Corea del Sur – Estadio Guadalajara - 22:00 horas

Fecha 3 – Miércoles 24/06

Europa D vs. México – Estadio Ciudad de México - 22:00 horas

Sudáfrica vs. Corea del Sur – Estadio Monterrey - 22:00 horas

GRUPO B

Fecha 1 – Viernes 12/06 / Sábado 13/06

Canadá vs. Europa A – Toronto Stadium - 16:00 horas

Qatar vs. Suiza – San Francisco Bay Area Stadium - 16:00 horas

Fecha 2 – Jueves 18/06

Suiza vs. Europa A – Los Angeles Stadium - 16:00 horas

Canadá vs. Qatar – BC Place Vancouver - 19:00 horas

Fecha 3 – Miércoles 24/06

Suiza vs. Canadá – BC Place Vancouver - 16:00 horas

Europa A vs. Qatar – Seattle Stadium - 16:00 horas

GRUPO C

Fecha 1 – Sábado 13/06

Brasil vs. Marruecos – Boston Stadium - 19:00 horas

Haití vs. Escocia – New York / New Jersey Stadium - 22:00 horas

Fecha 2 – Viernes 19/06

Brasil vs. Haití – Philadelphia Stadium - 19:00 horas

Escocia vs. Marruecos – Boston Stadium - 22:00 horas

Fecha 3 – Miércoles 24/06

Escocia vs. Brasil – Miami Stadium - 19:00 horas

Marruecos vs. Haití – Atlanta Stadium - 19:00 horas

GRUPO D

Fecha 1 – Viernes 12/06 / Sábado 13/06

Estados Unidos vs. Europa C – Los Angeles Stadium - 22:00 horas

Australia vs. Paraguay – BC Place Vancouver - 01:00 horas

Fecha 2 – Viernes 19/06

Europa C vs. Paraguay – San Francisco Bay Area Stadium - 16:00 horas

Estados Unidos vs. Australia – Seattle Stadium - 01:00 horas

Fecha 3 – Jueves 25/06

Europa C vs. Estados Unidos – Los Angeles Stadium - 23:00 horas

Paraguay vs. Australia – San Francisco Bay Area Stadium - 23:00 horas

GRUPO E

Fecha 1 – Domingo 14/06

Alemania vs. Curazao – Philadelphia Stadium - 14:00 horas

Costa de Marfil vs. Ecuador – Houston Stadium - 20:00 horas

Fecha 2 – Sábado 20/06

Alemania vs. Costa de Marfil – Toronto Stadium - 17:00 horas

Curazao vs. Ecuador – Kansas City Stadium - 21:00 horas

Fecha 3 – Jueves 25/06

Ecuador vs. Alemania – Philadelphia Stadium - 17:00 horas

Curazao vs. Costa de Marfil – New York / New Jersey Stadium - 17:00 horas

GRUPO F

Fecha 1 – Domingo 14/06

Países Bajos vs. Japón – Dallas Stadium - 17:00 horas

Europa B vs. Túnez – Estadio Monterrey - 23:00 horas

Fecha 2 – Sábado 20/06

Países Bajos vs. Europa B – Houston Stadium - 14:00 horas

Japón vs. Túnez – Estadio Monterrey - 01:00 horas

Fecha 3 – Jueves 25/06

Túnez vs. Países Bajos – Dallas Stadium - 20:00 horas

Japón vs. Europa B – Kansas City Stadium - 20:00 horas

GRUPO G

Fecha 1 – Lunes 15/06

Bélgica vs. Egipto – Los Angeles Stadium

Irán vs. Nueva Zelanda – Seattle Stadium - 22:00 horas

Fecha 2 – Domingo 21/06

Bélgica vs. Irán – Los Angeles Stadium - 16:00 horas

Egipto vs. Nueva Zelanda – BC Place Vancouver - 22:00 horas

Fecha 3 – Viernes 26/06

Nueva Zelanda vs. Bélgica – Seattle Stadium - 00:00 horas

Egipto vs. Irán – BC Place Vancouver - 00:00 horas

GRUPO H

Fecha 1 – Lunes 15/06

España vs. Cabo Verde – Miami Stadium - 13:00 horas

Arabia Saudita vs. Uruguay – Atlanta Stadium - 19:00 horas

Fecha 2 – Domingo 21/06

España vs. Arabia Saudita – Miami Stadium - 13:00 horas

Cabo Verde vs. Uruguay – Atlanta Stadium - 19:00 horas

Fecha 3 – Viernes 26/06

Uruguay vs. España – Houston Stadium - 21:00 horas

Cabo Verde vs. Arabia Saudita – Estadio Guadalajara - 21:00 horas

GRUPO I

Fecha 1 – Martes 16/06

Francia vs. Senegal – New York / New Jersey Stadium - 16:00 horas

Repechaje 2 vs. Noruega – Boston Stadium - 19:00 horas

Fecha 2 – Lunes 22/06

Francia vs. Repechaje 2 – New York / New Jersey Stadium - 18:00 horas

Noruega vs. Senegal – Philadelphia Stadium - 21:00 horas

Fecha 3 – Viernes 26/06

Noruega vs. Francia – Boston Stadium - 16:00 horas

Senegal vs. Repechaje 2 – Toronto Stadium - 16:00 horas

GRUPO J

Fecha 1 – Martes 16/06

Argentina vs. Argelia – Kansas City Stadium - 22:00 horas

Austria vs. Jordania – San Francisco Bay Area Stadium - 01:00 horas

Fecha 2 – Lunes 22/06

Argentina vs. Austria – Dallas Stadium - 14:00 horas

Jordania vs. Argelia – San Francisco Bay Area Stadium - 00:00 horas

Fecha 3 – Sábado 27/06

Jordania vs. Argentina – Kansas City Stadium - 23:00 horas

Argelia vs. Austria – Dallas Stadium - 23:00 horas

GRUPO K

Fecha 1 – Miércoles 17/06

Portugal vs. Repechaje 1 – Houston Stadium - 14:00 horas

Uzbekistán vs. Colombia – Estadio Ciudad de México - 23:00 horas

Fecha 2 – Martes 23/06

Portugal vs. Uzbekistán – Houston Stadium - 14:00 horas

Repechaje 1 vs. Colombia – Estadio Guadalajara - 23:00 horas

Fecha 3 – Sábado 27/06

Colombia vs. Portugal – Miami Stadium - 20:30 horas

Repechaje 1 vs. Uzbekistán – Atlanta Stadium - 20:30 horas

GRUPO L

Fecha 1 – Miércoles 17/06

Inglaterra vs. Croacia – Toronto Stadium - 17:00 horas

Ghana vs. Panamá – Dallas Stadium - 20:00 horas

Fecha 2 – Martes 23/06

Inglaterra vs. Ghana – Boston Stadium - 17:00 horas

Croacia vs. Panamá – Toronto Stadium - 20:00 horas

Fecha 3 – Sábado 27/06

Panamá vs. Inglaterra – New York / New Jersey Stadium - 18:00 horas

Croacia vs. Ghana – Philadelphia Stadium - 18:00 horas

16AVOS DE FINAL

Domingo 28/06

73 – 2º Grupo A v 2º Grupo B – Los Angeles Stadium - 16:00 horas

Lunes 29/06

76 – 1º Grupo C v 2º Grupo F – Houston Stadium - 14:00 horas

74 – 1º Grupo E v 3º Grupo A/B/C/D/F – Boston Stadium - 17:30 horas

75 – 1º Grupo F v 2º Grupo C – Estadio Monterrey - 22:00 horas

Martes 30/06

78 – 2º Grupo E v 2º Grupo I – Dallas Stadium - 14:00 horas

77 – 1º Grupo I v 3º Grupo C/D/F/G/H – New York New Jersey Stadium - 18:00 horas

79 – 1º Grupo A v 3º Grupo C/E/F/H/I – Estadio Ciudad de México - 22:00 horas

Miércoles 01/07

80 – 1º Grupo L v 3º Grupo E/H/I/J/K - Atlanta Stadium - 13:00 horas

82 – 1º Grupo G v 3º Grupo A/E/H/I/J - Seattle Stadium - 17:00 horas

81 – 1º Grupo D v 3º Grupo B/E/F/I/J - San Francisco Bay Area Stadium - 21:00 horas

Jueves 02/07

84 – 1º Grupo H v 2º Grupo J - Los Angeles Stadium - 16:00 horas

83 – 2º Grupo K v 2º Grupo L - Toronto Stadium - 20:00 horas

Viernes 03/07

85 – 1º Grupo B v 3º Grupo E/F/G/I/J - BC Place Vancouver - 00:00 horas

88 – 2º Grupo D v 2º Grupo G - Dallas Stadium - 15:00 horas

86 – 1º Grupo J v 2º Grupo H - Miami Stadium - 19:00 horas

87 – 1º Grupo K v 3º Grupo D/E/I/J/L - Kansas City Stadium - 22:30 horas

OCTAVOS DE FINAL

Sabado 04/07

90 – Ganador partido 73 v Ganador partido 75 - Houston Stadium - 14.00 horas

89 – Ganador partido 74 v Ganador partido 77 - Philadelphia Stadium - 18.00 horas

Domingo 05/07

91 – Ganador partido 76 v Ganador partido 78 - New York New Jersey Stadium - 17:00 horas

92 – Ganador partido 79 v Ganador partido 80 - Estadio Azteca Ciudad de México - 21:00 horas

Lunes 06/07

93 – Ganador partido 83 v Ganador partido 84 - Dallas Stadium - 16:00 horas

94 – Ganador partido 81 v Ganador partido 82 - Seattle Stadium - 21:00 horas

Martes 07/07

95 – Ganador partido 86 v Ganador partido 88 - Atlanta Stadium - 13:00 horas

96 – Ganador partido 85 v Ganador partido 87 - BC Place Vancouver - 17:00 horas

CUARTOS DE FINAL

Jueves 09/07

97 – Ganador 89 v Ganador 90 – Boston Stadium - 17:00 horas

Viernes 10/07

98 – Ganador 93 v Ganador 94 – Los Angeles Stadium - 16:00 horas

Sábado 11/07

99 – Ganador 91 v Ganador 92 – Miami Stadium - 18:00 horas

100 – Ganador 95 v Ganador 96 – Kansas City Stadium - 22:00 horas

SEMIFINALES

Martes 14/07

Ganador 97 v Ganador 98 – Dallas Stadium - 16:00 horas

Miércoles 15/07

Ganador 99 v Ganador 100 – Atlanta Stadium - 16:00 horas

TERCER PUESTO

Sábado 18/07

Perdedor 101 v Perdedor 102 – Miami Stadium - 18:00 horas

FINAL

Domingo 19/07

Ganador 101 v Ganador 102 – New York New Jersey Stadium - 16:00 horas
